osmid,y,x,street_count,geometry
1362226373,22.5234836,114.1002579,3,POINT (114.1002579 22.5234836)
1589531348,22.5275491,114.104413,1,POINT (114.104413 22.5275491)
