osmid,y,x,street_count,geometry
504648550,22.5895041,114.0505863,3,POINT (114.0505863 22.5895041)
2308765383,22.5898783,114.0503176,3,POINT (114.0503176 22.5898783)
