osmid,y,x,street_count,geometry
8562809987,22.5856981,114.0907523,2,POINT (114.0907523 22.5856981)
2312634443,22.580215,114.0992435,3,POINT (114.0992435 22.580215)
8562810484,22.5892908,114.0878015,1,POINT (114.0878015 22.5892908)
8562809973,22.585221,114.0930801,2,POINT (114.0930801 22.585221)
8562810523,22.5883717,114.0871905,3,POINT (114.0871905 22.5883717)
8562810430,22.5860164,114.088733,3,POINT (114.088733 22.5860164)
2319059007,22.5829312,114.0927573,1,POINT (114.0927573 22.5829312)
