osmid,y,x,street_count,geometry
2534284040,22.5790484,114.1404324,3,POINT (114.1404324 22.5790484)
7183271475,22.5787767,114.1400347,4,POINT (114.1400347 22.5787767)
9199948629,22.5789043,114.1401916,4,POINT (114.1401916 22.5789043)
9199948634,22.5789518,114.1403071,4,POINT (114.1403071 22.5789518)
9199948639,22.5787289,114.140395,3,POINT (114.140395 22.5787289)
9199948640,22.5789073,114.1404118,4,POINT (114.1404118 22.5789073)
9199948651,22.5789841,114.1400074,3,POINT (114.1400074 22.5789841)
