osmid,y,x,street_count,geometry
598503079,22.5016614,114.0799355,3,POINT (114.0799355 22.5016614)
1305552293,22.5009631,114.0794952,3,POINT (114.0794952 22.5009631)
1305552337,22.5014815,114.0747175,1,POINT (114.0747175 22.5014815)
1492215994,22.5002256,114.0791526,3,POINT (114.0791526 22.5002256)
1492216024,22.5011791,114.0797008,3,POINT (114.0797008 22.5011791)
1492216045,22.5015144,114.0799514,4,POINT (114.0799514 22.5015144)
1492216050,22.5015799,114.0798811,3,POINT (114.0798811 22.5015799)
2663218698,22.5004239,114.0765837,1,POINT (114.0765837 22.5004239)
7917061924,22.5011248,114.0796105,3,POINT (114.0796105 22.5011248)
